"No.","Time","Source","Destination","Protocol","Length","Info"
"1","0.000000000","100.114.136.7","77.88.21.119","TCP","68","45550  >  443 [ACK] Seq=1 Ack=1 Win=245 Len=0 TSval=398049643 TSecr=1796480367"
"2","0.540802066","100.114.136.7","77.88.21.119","TCP","1416","[TCP Previous segment not captured] 45550  >  443 [ACK] Seq=2 Ack=1 Win=245 Len=1348 TSval=398050184 TSecr=1796480367 [TCP segment of a reassembled PDU]"
"3","0.540856785","100.114.136.7","77.88.21.119","TLSv1.2","294","Application Data"
"4","0.620139758","77.88.21.119","100.114.136.7","TCP","68","[TCP ACKed unseen segment] 443  >  45550 [ACK] Seq=1 Ack=1576 Win=156 Len=0 TSval=1796483064 TSecr=398050184"
"5","0.620140311","77.88.21.119","100.114.136.7","TLSv1.2","541","Application Data"
"6","0.620165801","100.114.136.7","77.88.21.119","TCP","68","45550  >  443 [ACK] Seq=1576 Ack=474 Win=254 Len=0 TSval=398050263 TSecr=1796483064"
"7","1.280035604","100.114.136.7","185.4.64.197","TCP","68","43404  >  443 [ACK] Seq=1 Ack=1 Win=260 Len=0 TSval=1146214794 TSecr=930093022"
"8","1.349101792","185.4.64.197","100.114.136.7","TCP","68","[TCP ACKed unseen segment] 443  >  43404 [ACK] Seq=1 Ack=2 Win=244 Len=0 TSval=930103261 TSecr=1146184342"
"9","1.536027407","100.114.136.7","185.4.64.197","TCP","68","43406  >  443 [ACK] Seq=1 Ack=1 Win=949 Len=0 TSval=1146215050 TSecr=930093278"
"10","1.613943747","185.4.64.197","100.114.136.7","TCP","68","[TCP ACKed unseen segment] 443  >  43406 [ACK] Seq=1 Ack=2 Win=243 Len=0 TSval=930103525 TSecr=1146183612"
"11","2.573952837","100.114.136.7","5.255.255.70","TLSv1.2","462","Application Data"
"12","2.665023121","5.255.255.70","100.114.136.7","TLSv1.2","163","Application Data"
"13","2.665070914","100.114.136.7","5.255.255.70","TCP","68","33666  >  443 [ACK] Seq=395 Ack=96 Win=1444 Len=0 TSval=327100621 TSecr=2735946445"
"14","5.990062183","100.114.136.7","83.149.24.68","DNS","86","Standard query 0x15fb A lk.megafon.ru OPT"
"15","6.011643288","100.114.136.7","83.149.24.68","DNS","99","Standard query 0x3d88 A tiles.services.mozilla.com OPT"
"16","6.027626381","100.114.136.7","83.149.24.68","DNS","94","Standard query 0x0b59 A hq-devlabs.megafon.ru OPT"
"17","6.029345769","100.114.136.7","83.149.24.68","DNS","100","Standard query 0xeb0b A safebrowsing.googleapis.com OPT"
"18","6.074951030","83.149.24.68","100.114.136.7","DNS","110","Standard query response 0x0b59 A hq-devlabs.megafon.ru A 85.26.148.161 OPT"
"19","6.075888228","100.114.136.7","83.149.24.68","DNS","89","Standard query 0xff7f A ducip.megafon.ru OPT"
"20","6.075956094","83.149.24.68","100.114.136.7","DNS","116","Standard query response 0xeb0b A safebrowsing.googleapis.com A 173.194.220.95 OPT"
"21","6.076715899","100.114.136.7","173.194.220.95","TCP","76","46974  >  443 [SYN] Seq=0 Win=29200 Len=0 MSS=1460 SACK_PERM=1 TSval=1058444140 TSecr=0 WS=128"
"22","6.076787753","100.114.136.7","83.149.24.68","DNS","97","Standard query 0x5c23 A www.google-analytics.com OPT"
"23","6.077012245","100.114.136.7","83.149.24.68","DNS","96","Standard query 0x049d A stats.g.doubleclick.net OPT"
"24","6.119986670","83.149.24.68","100.114.136.7","DNS","105","Standard query response 0xff7f A ducip.megafon.ru A 85.26.148.161 OPT"
"25","6.121937345","83.149.24.68","100.114.136.7","DNS","237","Standard query response 0x5c23 A www.google-analytics.com CNAME www-google-analytics.l.google.com A 74.125.205.138 A 74.125.205.113 A 74.125.205.100 A 74.125.205.139 A 74.125.205.102 A 74.125.205.101 OPT"
"26","6.128992205","83.149.24.68","100.114.136.7","DNS","182","Standard query response 0x049d A stats.g.doubleclick.net CNAME stats.l.doubleclick.net A 64.233.165.157 A 64.233.165.156 A 64.233.165.155 A 64.233.165.154 OPT"
"27","6.166061294","173.194.220.95","100.114.136.7","TCP","76","443  >  46974 [SYN, ACK] Seq=0 Ack=1 Win=60192 Len=0 MSS=1360 SACK_PERM=1 TSval=832284924 TSecr=1058444140 WS=256"
"28","6.166124077","100.114.136.7","173.194.220.95","TCP","68","46974  >  443 [ACK] Seq=1 Ack=1 Win=29312 Len=0 TSval=1058444230 TSecr=832284924"
"29","6.169487502","100.114.136.7","173.194.220.95","TLSv1.3","585","Client Hello"
"30","6.262317158","173.194.220.95","100.114.136.7","TCP","68","443  >  46974 [ACK] Seq=1 Ack=518 Win=61440 Len=0 TSval=832285020 TSecr=1058444233"
"31","6.263220903","173.194.220.95","100.114.136.7","TLSv1.3","1416","Server Hello, Change Cipher Spec"
"32","6.263243742","100.114.136.7","173.194.220.95","TCP","68","46974  >  443 [ACK] Seq=518 Ack=1349 Win=32128 Len=0 TSval=1058444327 TSecr=832285020"
"33","6.263221570","173.194.220.95","100.114.136.7","TCP","1416","443  >  46974 [ACK] Seq=1349 Ack=518 Win=61440 Len=1348 TSval=832285020 TSecr=1058444233 [TCP segment of a reassembled PDU]"
"34","6.263288012","100.114.136.7","173.194.220.95","TCP","68","46974  >  443 [ACK] Seq=518 Ack=2697 Win=35072 Len=0 TSval=1058444327 TSecr=832285020"
"35","6.268166956","173.194.220.95","100.114.136.7","TLSv1.3","1047","Application Data"
"36","6.268196925","100.114.136.7","173.194.220.95","TCP","68","46974  >  443 [ACK] Seq=518 Ack=3676 Win=37760 Len=0 TSval=1058444332 TSecr=832285020"
"37","6.273897409","100.114.136.7","173.194.220.95","TLSv1.3","132","Change Cipher Spec, Application Data"
"38","6.274887854","100.114.136.7","173.194.220.95","TLSv1.3","238","Application Data"
"39","6.274938036","100.114.136.7","173.194.220.95","TLSv1.3","561","Application Data"
"40","6.360967373","173.194.220.95","100.114.136.7","TLSv1.3","570","Application Data"
"41","6.362949857","173.194.220.95","100.114.136.7","TLSv1.3","130","Application Data"
"42","6.363071601","100.114.136.7","173.194.220.95","TCP","68","46974  >  443 [ACK] Seq=1245 Ack=4240 Win=40448 Len=0 TSval=1058444427 TSecr=832285119"
"43","6.363166102","100.114.136.7","173.194.220.95","TLSv1.3","99","Application Data"
"44","6.365963347","173.194.220.95","100.114.136.7","TLSv1.3","99","Application Data"
"45","6.378091817","173.194.220.95","100.114.136.7","TLSv1.3","292","Application Data"
"46","6.378092831","173.194.220.95","100.114.136.7","TLSv1.3","557","Application Data"
"47","6.378519679","100.114.136.7","173.194.220.95","TCP","68","46974  >  443 [ACK] Seq=1276 Ack=4984 Win=45824 Len=0 TSval=1058444442 TSecr=832285124"
"48","6.379944519","173.194.220.95","100.114.136.7","TLSv1.3","124","Application Data"
"49","6.420004441","100.114.136.7","173.194.220.95","TCP","68","46974  >  443 [ACK] Seq=1276 Ack=5040 Win=45824 Len=0 TSval=1058444484 TSecr=832285127"
"50","6.688016341","100.114.136.7","173.194.220.95","TCP","99","[TCP Retransmission] 46974  >  443 [PSH, ACK] Seq=1245 Ack=5040 Win=45824 Len=31 TSval=1058444752 TSecr=832285127"
"51","6.763915532","100.114.136.7","10.23.4.140","DNS","86","Standard query 0x15fb A lk.megafon.ru OPT"
"52","6.764016794","100.114.136.7","83.149.24.68","DNS","99","Standard query 0x3d88 A tiles.services.mozilla.com OPT"
"53","6.782070489","173.194.220.95","100.114.136.7","TCP","80","[TCP Previous segment not captured] 443  >  46974 [ACK] Seq=5079 Ack=1276 Win=63488 Len=0 TSval=832285530 TSecr=1058444752 SLE=1245 SRE=1276"
"54","6.809063785","10.23.4.140","100.114.136.7","DNS","102","Standard query response 0x15fb A lk.megafon.ru A 37.29.76.59 OPT"
"55","6.809900932","100.114.136.7","37.29.76.59","TCP","76","45696  >  443 [SYN] Seq=0 Win=29200 Len=0 MSS=1460 SACK_PERM=1 TSval=1486914257 TSecr=0 WS=128"
"56","6.810049249","100.114.136.7","37.29.76.59","TCP","76","45698  >  443 [SYN] Seq=0 Win=29200 Len=0 MSS=1460 SACK_PERM=1 TSval=1486914257 TSecr=0 WS=128"
"57","6.810182248","100.114.136.7","37.29.76.59","TCP","76","45700  >  443 [SYN] Seq=0 Win=29200 Len=0 MSS=1460 SACK_PERM=1 TSval=1486914257 TSecr=0 WS=128"
"58","6.818105028","173.194.220.95","100.114.136.7","TCP","107","[TCP Retransmission] 443  >  46974 [PSH, ACK] Seq=5040 Ack=1276 Win=63488 Len=39 TSval=832285558 TSecr=1058444752"
"59","6.818135312","100.114.136.7","173.194.220.95","TCP","68","46974  >  443 [ACK] Seq=1276 Ack=5079 Win=45824 Len=0 TSval=1058444882 TSecr=832285558"
"60","6.818105961","83.149.24.68","100.114.136.7","DNS","253","Standard query response 0x3d88 A tiles.services.mozilla.com CNAME tiles.r53-2.services.mozilla.com A 35.160.41.125 A 34.214.20.242 A 52.10.27.177 A 35.165.22.140 A 35.164.130.113 A 35.164.197.9 A 34.218.217.119 A 52.26.103.165 OPT"
"61","6.818357387","100.114.136.7","173.194.220.95","TLSv1.3","107","Application Data"
"62","6.819511686","100.114.136.7","52.26.103.165","TCP","76","56264  >  443 [SYN] Seq=0 Win=29200 Len=0 MSS=1460 SACK_PERM=1 TSval=809316259 TSecr=0 WS=128"
"63","6.887053670","37.29.76.59","100.114.136.7","TCP","68","443  >  45696 [SYN, ACK] Seq=0 Ack=1 Win=8190 Len=0 MSS=1330 WS=16 SACK_PERM=1"
"64","6.887114461","100.114.136.7","37.29.76.59","TCP","56","45696  >  443 [ACK] Seq=1 Ack=1 Win=29312 Len=0"
"65","6.890438802","100.114.136.7","37.29.76.59","TLSv1.2","573","Client Hello"
"66","6.891089652","37.29.76.59","100.114.136.7","TCP","68","443  >  45700 [SYN, ACK] Seq=0 Ack=1 Win=8190 Len=0 MSS=1330 WS=16 SACK_PERM=1"
"67","6.891133173","100.114.136.7","37.29.76.59","TCP","56","45700  >  443 [ACK] Seq=1 Ack=1 Win=29312 Len=0"
"68","6.891090535","37.29.76.59","100.114.136.7","TCP","68","443  >  45698 [SYN, ACK] Seq=0 Ack=1 Win=8190 Len=0 MSS=1330 WS=16 SACK_PERM=1"
"69","6.891176224","100.114.136.7","37.29.76.59","TCP","56","45698  >  443 [ACK] Seq=1 Ack=1 Win=29312 Len=0"
"70","6.894452598","100.114.136.7","37.29.76.59","TLSv1.2","573","Client Hello"
"71","6.897494442","100.114.136.7","37.29.76.59","TLSv1.2","573","Client Hello"
"72","6.912046890","100.114.136.7","217.69.136.176","TCP","68","57930  >  443 [ACK] Seq=1 Ack=1 Win=836 Len=0 TSval=1590232497 TSecr=2643123986"
"73","6.914911775","173.194.220.95","100.114.136.7","TCP","68","443  >  46974 [ACK] Seq=5079 Ack=1315 Win=63488 Len=0 TSval=832285664 TSecr=1058444882"
"74","6.982341375","37.29.76.59","100.114.136.7","TCP","1386","443  >  45696 [PSH, ACK] Seq=1 Ack=518 Win=34656 Len=1330 [TCP segment of a reassembled PDU]"
"75","6.982362590","100.114.136.7","37.29.76.59","TCP","56","45696  >  443 [ACK] Seq=518 Ack=1331 Win=32128 Len=0"
"76","6.982341732","37.29.76.59","100.114.136.7","TCP","1386","443  >  45696 [PSH, ACK] Seq=1331 Ack=518 Win=34656 Len=1330 [TCP segment of a reassembled PDU]"
"77","6.982373904","100.114.136.7","37.29.76.59","TCP","56","45696  >  443 [ACK] Seq=518 Ack=2661 Win=35072 Len=0"
"78","6.982341881","37.29.76.59","100.114.136.7","TLSv1.2","755","Server Hello, Certificate"
"79","6.982378486","100.114.136.7","37.29.76.59","TCP","56","45696  >  443 [ACK] Seq=518 Ack=3360 Win=37760 Len=0"
"80","6.984420748","100.114.136.7","83.149.24.68","DNS","90","Standard query 0xb6ff A status.thawte.com OPT"
"81","6.994313967","37.29.76.59","100.114.136.7","TCP","1386","443  >  45700 [PSH, ACK] Seq=1 Ack=518 Win=34656 Len=1330 [TCP segment of a reassembled PDU]"
"82","6.994335596","100.114.136.7","37.29.76.59","TCP","56","45700  >  443 [ACK] Seq=518 Ack=1331 Win=32128 Len=0"
"83","6.994314274","37.29.76.59","100.114.136.7","TCP","1386","443  >  45700 [PSH, ACK] Seq=1331 Ack=518 Win=34656 Len=1330 [TCP segment of a reassembled PDU]"
"84","6.994344129","100.114.136.7","37.29.76.59","TCP","56","45700  >  443 [ACK] Seq=518 Ack=2661 Win=35072 Len=0"
"85","6.994314420","37.29.76.59","100.114.136.7","TLSv1.2","755","Server Hello, Certificate"
"86","6.994352994","100.114.136.7","37.29.76.59","TCP","56","45700  >  443 [ACK] Seq=518 Ack=3360 Win=37760 Len=0"
"87","6.995329452","37.29.76.59","100.114.136.7","TCP","1386","443  >  45698 [PSH, ACK] Seq=1 Ack=518 Win=34656 Len=1330 [TCP segment of a reassembled PDU]"
"88","6.995348770","100.114.136.7","37.29.76.59","TCP","56","45698  >  443 [ACK] Seq=518 Ack=1331 Win=32128 Len=0"
"89","6.995329798","37.29.76.59","100.114.136.7","TCP","1386","443  >  45698 [PSH, ACK] Seq=1331 Ack=518 Win=34656 Len=1330 [TCP segment of a reassembled PDU]"
"90","6.995357088","100.114.136.7","37.29.76.59","TCP","56","45698  >  443 [ACK] Seq=518 Ack=2661 Win=35072 Len=0"
"91","6.995329946","37.29.76.59","100.114.136.7","TLSv1.2","755","Server Hello, Certificate"
"92","6.995365749","100.114.136.7","37.29.76.59","TCP","56","45698  >  443 [ACK] Seq=518 Ack=3360 Win=37760 Len=0"
"93","6.998174978","37.29.76.59","100.114.136.7","TLSv1.2","654","Server Key Exchange, Server Hello Done"
"94","6.998184710","100.114.136.7","37.29.76.59","TCP","56","45696  >  443 [ACK] Seq=518 Ack=3958 Win=40448 Len=0"
"95","7.000388584","100.114.136.7","37.29.76.59","TLSv1.2","182","Client Key Exchange, Change Cipher Spec, Encrypted Handshake Message"
"96","7.002026865","37.29.76.59","100.114.136.7","TLSv1.2","654","Server Key Exchange, Server Hello Done"
"97","7.002037365","100.114.136.7","37.29.76.59","TCP","56","45700  >  443 [ACK] Seq=518 Ack=3958 Win=40448 Len=0"
"98","7.002027182","37.29.76.59","100.114.136.7","TLSv1.2","654","Server Key Exchange, Server Hello Done"
"99","7.002047549","100.114.136.7","37.29.76.59","TCP","56","45698  >  443 [ACK] Seq=518 Ack=3958 Win=40448 Len=0"
"100","7.004208830","100.114.136.7","37.29.76.59","TLSv1.2","182","Client Key Exchange, Change Cipher Spec, Encrypted Handshake Message"
"101","7.006278585","100.114.136.7","37.29.76.59","TLSv1.2","182","Client Key Exchange, Change Cipher Spec, Encrypted Handshake Message"
"102","7.069606784","100.114.136.7","52.26.103.165","TCP","76","56266  >  443 [SYN] Seq=0 Win=29200 Len=0 MSS=1460 SACK_PERM=1 TSval=809316509 TSecr=0 WS=128"
"103","7.079969056","37.29.76.59","100.114.136.7","TCP","56","443  >  45696 [ACK] Seq=3958 Ack=644 Win=34544 Len=0"
"104","7.087046194","37.29.76.59","100.114.136.7","TCP","56","443  >  45700 [ACK] Seq=3958 Ack=644 Win=34544 Len=0"
"105","7.087046862","37.29.76.59","100.114.136.7","TCP","56","443  >  45698 [ACK] Seq=3958 Ack=644 Win=34544 Len=0"
"106","7.094928381","37.29.76.59","100.114.136.7","TLSv1.2","107","Change Cipher Spec, Encrypted Handshake Message"
"107","7.095974214","37.29.76.59","100.114.136.7","TLSv1.2","107","Change Cipher Spec, Encrypted Handshake Message"
"108","7.095974809","37.29.76.59","100.114.136.7","TLSv1.2","107","Change Cipher Spec, Encrypted Handshake Message"
"109","7.110962390","52.26.103.165","100.114.136.7","TCP","76","443  >  56264 [SYN, ACK] Seq=0 Ack=1 Win=26847 Len=0 MSS=1360 SACK_PERM=1 TSval=1125141911 TSecr=809316259 WS=256"
"110","7.110989702","100.114.136.7","52.26.103.165","TCP","68","56264  >  443 [ACK] Seq=1 Ack=1 Win=29312 Len=0 TSval=809316551 TSecr=1125141911"
"111","7.112677283","100.114.136.7","52.26.103.165","TLSv1.2","585","Client Hello"
"112","7.136094203","100.114.136.7","37.29.76.59","TCP","56","45698  >  443 [ACK] Seq=644 Ack=4009 Win=40448 Len=0"
"113","7.136112712","100.114.136.7","37.29.76.59","TCP","56","45700  >  443 [ACK] Seq=644 Ack=4009 Win=40448 Len=0"
"114","7.136131930","100.114.136.7","37.29.76.59","TCP","56","45696  >  443 [ACK] Seq=644 Ack=4009 Win=40448 Len=0"
"115","7.291008412","95.179.184.34","100.114.136.7","TCP","190","1194  >  56444 [PSH, ACK] Seq=1 Ack=1 Win=10188 Len=122 TSval=432121335 TSecr=3166454478 [TCP segment of a reassembled PDU]"
"116","7.291037180","100.114.136.7","95.179.184.34","TCP","68","56444  >  1194 [ACK] Seq=1 Ack=123 Win=254 Len=0 TSval=3166486060 TSecr=432121335"
"117","7.344954506","52.26.103.165","100.114.136.7","TCP","76","443  >  56266 [SYN, ACK] Seq=0 Ack=1 Win=26847 Len=0 MSS=1360 SACK_PERM=1 TSval=1125141975 TSecr=809316509 WS=256"
"118","7.345031917","100.114.136.7","52.26.103.165","TCP","68","56266  >  443 [ACK] Seq=1 Ack=1 Win=29312 Len=0 TSval=809316785 TSecr=1125141975"
"119","7.347964403","100.114.136.7","52.26.103.165","TLSv1.2","585","Client Hello"
"120","7.406039420","52.26.103.165","100.114.136.7","TCP","68","443  >  56264 [ACK] Seq=1 Ack=518 Win=27136 Len=0 TSval=1125141997 TSecr=809316552"
"121","7.409302896","52.26.103.165","100.114.136.7","TLSv1.2","1356","Server Hello"
"122","7.409328127","100.114.136.7","52.26.103.165","TCP","68","56264  >  443 [ACK] Seq=518 Ack=1289 Win=32128 Len=0 TSval=809316849 TSecr=1125141998"
"123","7.409303777","52.26.103.165","100.114.136.7","TCP","1356","443  >  56264 [ACK] Seq=1289 Ack=518 Win=27136 Len=1288 TSval=1125141998 TSecr=809316552 [TCP segment of a reassembled PDU]"
"124","7.409366271","100.114.136.7","52.26.103.165","TCP","68","56264  >  443 [ACK] Seq=518 Ack=2577 Win=35072 Len=0 TSval=809316849 TSecr=1125141998"
"125","7.409304275","52.26.103.165","100.114.136.7","TLSv1.2","506","Certificate, Server Key Exchange, Server Hello Done"
"126","7.409377685","100.114.136.7","52.26.103.165","TCP","68","56264  >  443 [ACK] Seq=518 Ack=3015 Win=37632 Len=0 TSval=809316849 TSecr=1125141998"
"127","7.417358332","100.114.136.7","52.26.103.165","TLSv1.2","194","Client Key Exchange, Change Cipher Spec, Encrypted Handshake Message"
"128","7.417522324","100.114.136.7","52.26.103.165","TLSv1.2","903","Application Data"
"129","7.638151108","52.26.103.165","100.114.136.7","TLSv1.2","1356","Server Hello"
"130","7.638182907","100.114.136.7","52.26.103.165","TCP","68","56266  >  443 [ACK] Seq=518 Ack=1289 Win=32128 Len=0 TSval=809317078 TSecr=1125142056"
"131","7.647156271","52.26.103.165","100.114.136.7","TCP","1356","443  >  56266 [ACK] Seq=1289 Ack=518 Win=27136 Len=1288 TSval=1125142056 TSecr=809316788 [TCP segment of a reassembled PDU]"
"132","7.647170211","100.114.136.7","52.26.103.165","TCP","68","56266  >  443 [ACK] Seq=518 Ack=2577 Win=35072 Len=0 TSval=809317087 TSecr=1125142056"
"133","7.647156825","52.26.103.165","100.114.136.7","TLSv1.2","506","Certificate, Server Key Exchange, Server Hello Done"
"134","7.647191796","100.114.136.7","52.26.103.165","TCP","68","56266  >  443 [ACK] Seq=518 Ack=3015 Win=37632 Len=0 TSval=809317087 TSecr=1125142056"
"135","7.651839471","100.114.136.7","52.26.103.165","TLSv1.2","194","Client Key Exchange, Change Cipher Spec, Encrypted Handshake Message"
"136","7.706990875","52.26.103.165","100.114.136.7","TLSv1.2","119","Change Cipher Spec, Encrypted Handshake Message"
"137","7.732031066","52.26.103.165","100.114.136.7","TLSv1.2","323","Application Data"
"138","7.732057833","100.114.136.7","52.26.103.165","TCP","68","56264  >  443 [ACK] Seq=1479 Ack=3321 Win=40192 Len=0 TSval=809317172 TSecr=1125142072"
"139","7.930056611","52.26.103.165","100.114.136.7","TLSv1.2","119","Change Cipher Spec, Encrypted Handshake Message"
"140","7.936001204","100.114.136.7","217.69.136.176","TCP","68","[TCP Dup ACK 72#1] 57930  >  443 [ACK] Seq=1 Ack=1 Win=836 Len=0 TSval=1590233521 TSecr=2643123986"
"141","7.972070619","100.114.136.7","52.26.103.165","TCP","68","56266  >  443 [ACK] Seq=644 Ack=3066 Win=37632 Len=0 TSval=809317412 TSecr=1125142129"
"142","8.005992995","217.69.136.176","100.114.136.7","TCP","68","[TCP ACKed unseen segment] 443  >  57930 [ACK] Seq=1 Ack=2 Win=15679 Len=0 TSval=2643135237 TSecr=1590212187"
"143","8.013439142","100.114.136.7","10.23.4.140","DNS","90","Standard query 0xb6ff A status.thawte.com OPT"
"144","8.059969837","10.23.4.140","100.114.136.7","DNS","166","Standard query response 0xb6ff A status.thawte.com CNAME ocsp.digicert.com CNAME cs9.wac.phicdn.net A 93.184.220.29 OPT"
"145","8.060382396","100.114.136.7","93.184.220.29","TCP","76","56372  >  80 [SYN] Seq=0 Win=29200 Len=0 MSS=1460 SACK_PERM=1 TSval=3449955564 TSecr=0 WS=128"
"146","8.060409386","100.114.136.7","93.184.220.29","TCP","76","56374  >  80 [SYN] Seq=0 Win=29200 Len=0 MSS=1460 SACK_PERM=1 TSval=3449955564 TSecr=0 WS=128"
"147","8.060426253","100.114.136.7","93.184.220.29","TCP","76","56376  >  80 [SYN] Seq=0 Win=29200 Len=0 MSS=1460 SACK_PERM=1 TSval=3449955564 TSecr=0 WS=128"
"148","8.164046053","93.184.220.29","100.114.136.7","TCP","76","80  >  56372 [SYN, ACK] Seq=0 Ack=1 Win=65535 Len=0 MSS=1360 SACK_PERM=1 TSval=2975656590 TSecr=3449955564 WS=512"
"149","8.164071269","100.114.136.7","93.184.220.29","TCP","68","56372  >  80 [ACK] Seq=1 Ack=1 Win=29312 Len=0 TSval=3449955668 TSecr=2975656590"
"150","8.164225457","100.114.136.7","93.184.220.29","OCSP","539","Request"
"151","8.165961727","93.184.220.29","100.114.136.7","TCP","76","80  >  56376 [SYN, ACK] Seq=0 Ack=1 Win=65535 Len=0 MSS=1360 SACK_PERM=1 TSval=3455170927 TSecr=3449955564 WS=512"
"152","8.165975102","100.114.136.7","93.184.220.29","TCP","68","56376  >  80 [ACK] Seq=1 Ack=1 Win=29312 Len=0 TSval=3449955670 TSecr=3455170927"
"153","8.166110148","100.114.136.7","93.184.220.29","OCSP","539","Request"
"154","8.167961034","93.184.220.29","100.114.136.7","TCP","76","80  >  56374 [SYN, ACK] Seq=0 Ack=1 Win=65535 Len=0 MSS=1360 SACK_PERM=1 TSval=1725015018 TSecr=3449955564 WS=512"
"155","8.167972105","100.114.136.7","93.184.220.29","TCP","68","56374  >  80 [ACK] Seq=1 Ack=1 Win=29312 Len=0 TSval=3449955672 TSecr=1725015018"
"156","8.168116418","100.114.136.7","93.184.220.29","OCSP","539","Request"
"157","8.271982303","93.184.220.29","100.114.136.7","TCP","68","80  >  56372 [ACK] Seq=1 Ack=472 Win=145920 Len=0 TSval=2975656699 TSecr=3449955668"
"158","8.273027626","93.184.220.29","100.114.136.7","OCSP","855","Response"
"159","8.273040119","100.114.136.7","93.184.220.29","TCP","68","56372  >  80 [ACK] Seq=472 Ack=788 Win=30848 Len=0 TSval=3449955777 TSecr=2975656700"
"160","8.274126750","100.114.136.7","37.29.76.59","TLSv1.2","822","Application Data"
"161","8.276087652","93.184.220.29","100.114.136.7","TCP","68","80  >  56376 [ACK] Seq=1 Ack=472 Win=145920 Len=0 TSval=3455171037 TSecr=3449955670"
"162","8.276088150","93.184.220.29","100.114.136.7","OCSP","855","Response"
"163","8.276104901","100.114.136.7","93.184.220.29","TCP","68","56376  >  80 [ACK] Seq=472 Ack=788 Win=30848 Len=0 TSval=3449955780 TSecr=3455171037"
"164","8.284149474","93.184.220.29","100.114.136.7","OCSP","855","Response"
"165","8.284176659","100.114.136.7","93.184.220.29","TCP","68","56374  >  80 [ACK] Seq=472 Ack=788 Win=30848 Len=0 TSval=3449955788 TSecr=1725015135"
"166","8.357968486","37.29.76.59","100.114.136.7","TCP","56","443  >  45696 [ACK] Seq=4009 Ack=1410 Win=33792 Len=0"
"167","8.389090040","37.29.76.59","100.114.136.7","TLSv1.2","807","Application Data"
"168","8.389154722","100.114.136.7","37.29.76.59","TCP","56","45696  >  443 [ACK] Seq=1410 Ack=4760 Win=43136 Len=0"
"169","8.399183648","100.114.136.7","37.29.76.59","TLSv1.2","949","Application Data"
"170","8.482064255","37.29.76.59","100.114.136.7","TCP","56","443  >  45700 [ACK] Seq=4009 Ack=1537 Win=33664 Len=0"
"171","8.510986184","37.29.76.59","100.114.136.7","TLSv1.2","604","Application Data"
"172","8.511004299","100.114.136.7","37.29.76.59","TCP","56","45700  >  443 [ACK] Seq=1537 Ack=4557 Win=43136 Len=0"
"173","8.514283823","100.114.136.7","37.29.76.59","TLSv1.2","898","Application Data"
"174","8.606020807","37.29.76.59","100.114.136.7","TCP","56","443  >  45698 [ACK] Seq=4009 Ack=1486 Win=33712 Len=0"
"175","8.637083820","37.29.76.59","100.114.136.7","TLSv1.2","991","Application Data"
"176","8.637121007","100.114.136.7","37.29.76.59","TCP","56","45698  >  443 [ACK] Seq=1486 Ack=4944 Win=43136 Len=0"
"177","8.642442932","100.114.136.7","37.29.76.59","TCP","76","53288  >  80 [SYN] Seq=0 Win=29200 Len=0 MSS=1460 SACK_PERM=1 TSval=1486916089 TSecr=0 WS=128"
"178","8.722070886","37.29.76.59","100.114.136.7","TCP","68","80  >  53288 [SYN, ACK] Seq=0 Ack=1 Win=8190 Len=0 MSS=1330 WS=16 SACK_PERM=1"
"179","8.722094357","100.114.136.7","37.29.76.59","TCP","56","53288  >  80 [ACK] Seq=1 Ack=1 Win=29312 Len=0"
"180","8.722224808","100.114.136.7","37.29.76.59","HTTP","916","GET /autologin/redirect/http/remainders/;JSESSIONID=86400efa-a4c6-4256-99c8-18b63d59806a.5A HTTP/1.1 "
"181","8.773062036","37.29.76.59","100.114.136.7","TCP","56","80  >  53288 [ACK] Seq=1 Ack=861 Win=13296 Len=0"
"182","8.835963299","37.29.76.59","100.114.136.7","HTTP","771","HTTP/1.1 302  "
"183","8.835983585","100.114.136.7","37.29.76.59","TCP","56","53288  >  80 [ACK] Seq=861 Ack=716 Win=30720 Len=0"
"184","8.838478268","100.114.136.7","37.29.76.59","TLSv1.2","1063","Application Data"
"185","8.924089302","37.29.76.59","100.114.136.7","TCP","56","443  >  45696 [ACK] Seq=4760 Ack=2417 Win=39952 Len=0"
"186","9.506986336","95.179.184.34","100.114.136.7","TCP","183","1194  >  56444 [PSH, ACK] Seq=123 Ack=1 Win=10188 Len=115 TSval=432121889 TSecr=3166486060 [TCP segment of a reassembled PDU]"
"187","9.507000189","100.114.136.7","95.179.184.34","TCP","68","56444  >  1194 [ACK] Seq=1 Ack=238 Win=254 Len=0 TSval=3166488276 TSecr=432121889"
"188","9.595511491","100.114.136.7","10.23.4.140","DNS","82","Standard query 0x8e25 A yandex.ru OPT"
"189","9.596894225","100.114.136.7","5.255.255.70","TLSv1.2","1087","Application Data"
"190","9.596985564","100.114.136.7","5.255.255.70","TLSv1.2","107","Application Data"
"191","9.639969629","10.23.4.140","100.114.136.7","DNS","153","Standard query response 0x8e25 A yandex.ru A 5.255.255.70 A 77.88.55.77 A 5.255.255.77 A 77.88.55.70 OPT"
"192","9.677049064","5.255.255.70","100.114.136.7","TCP","68","443  >  33666 [ACK] Seq=96 Ack=1453 Win=711 Len=0 TSval=2735948198 TSecr=327107552"
"193","9.679032400","5.255.255.70","100.114.136.7","TLSv1.2","163","[TCP Previous segment not captured] , Application Data"
"194","9.679048428","100.114.136.7","5.255.255.70","TCP","80","[TCP Dup ACK 13#1] 33666  >  443 [ACK] Seq=1453 Ack=96 Win=1444 Len=0 TSval=327107635 TSecr=2735948198 SLE=138 SRE=233"
"195","10.047040147","5.255.255.70","100.114.136.7","TCP","110","[TCP Retransmission] 443  >  33666 [PSH, ACK] Seq=96 Ack=1453 Win=711 Len=42 TSval=2735948291 TSecr=327107635"
"196","10.047082709","100.114.136.7","5.255.255.70","TCP","68","33666  >  443 [ACK] Seq=1453 Ack=233 Win=1444 Len=0 TSval=327108003 TSecr=2735948291"
"197","10.752050137","100.114.136.7","77.88.21.119","TCP","68","[TCP Keep-Alive] 45550  >  443 [ACK] Seq=1575 Ack=474 Win=254 Len=0 TSval=398060395 TSecr=1796483064"
"198","10.825117519","77.88.21.119","100.114.136.7","TCP","68","[TCP Keep-Alive ACK] 443  >  45550 [ACK] Seq=474 Ack=1576 Win=156 Len=0 TSval=1796485615 TSecr=398050263"
"199","11.133547008","37.29.76.59","100.114.136.7","TCP","1386","443  >  45696 [ACK] Seq=4760 Ack=2417 Win=40992 Len=1330 [TCP segment of a reassembled PDU]"
"200","11.133578376","100.114.136.7","37.29.76.59","TCP","56","45696  >  443 [ACK] Seq=2417 Ack=6090 Win=45952 Len=0"
"201","11.133547725","37.29.76.59","100.114.136.7","TCP","1386","443  >  45696 [ACK] Seq=6090 Ack=2417 Win=40992 Len=1330 [TCP segment of a reassembled PDU]"
"202","11.133603673","100.114.136.7","37.29.76.59","TCP","56","45696  >  443 [ACK] Seq=2417 Ack=7420 Win=48896 Len=0"
"203","11.133548052","37.29.76.59","100.114.136.7","TCP","1386","443  >  45696 [ACK] Seq=7420 Ack=2417 Win=40992 Len=1330 [TCP segment of a reassembled PDU]"
"204","11.133611021","100.114.136.7","37.29.76.59","TCP","56","45696  >  443 [ACK] Seq=2417 Ack=8750 Win=51840 Len=0"
"205","11.133548365","37.29.76.59","100.114.136.7","TCP","1386","443  >  45696 [ACK] Seq=8750 Ack=2417 Win=40992 Len=1330 [TCP segment of a reassembled PDU]"
"206","11.133617909","100.114.136.7","37.29.76.59","TCP","56","45696  >  443 [ACK] Seq=2417 Ack=10080 Win=54784 Len=0"
"207","11.218261734","37.29.76.59","100.114.136.7","TCP","1386","443  >  45696 [ACK] Seq=10080 Ack=2417 Win=40992 Len=1330 [TCP segment of a reassembled PDU]"
"208","11.218292484","100.114.136.7","37.29.76.59","TCP","56","45696  >  443 [ACK] Seq=2417 Ack=11410 Win=57728 Len=0"
"209","11.218262736","37.29.76.59","100.114.136.7","TLSv1.2","1116","Application Data"
"210","11.218335193","100.114.136.7","37.29.76.59","TCP","56","45696  >  443 [ACK] Seq=2417 Ack=12470 Win=60288 Len=0"
"211","11.246589528","100.114.136.7","52.26.103.165","TLSv1.2","1285","Application Data"
"212","11.281973396","100.114.136.7","37.29.76.59","TLSv1.2","1047","Application Data"
"213","11.284955871","100.114.136.7","37.29.76.59","TLSv1.2","1052","Application Data"
"214","11.285043090","100.114.136.7","37.29.76.59","TLSv1.2","1060","Application Data"
"215","11.285262901","100.114.136.7","37.29.76.59","TCP","76","45714  >  443 [SYN] Seq=0 Win=29200 Len=0 MSS=1460 SACK_PERM=1 TSval=1486918732 TSecr=0 WS=128"
"216","11.285313313","100.114.136.7","37.29.76.59","TCP","76","45716  >  443 [SYN] Seq=0 Win=29200 Len=0 MSS=1460 SACK_PERM=1 TSval=1486918732 TSecr=0 WS=128"
"217","11.285382572","100.114.136.7","37.29.76.59","TCP","76","45718  >  443 [SYN] Seq=0 Win=29200 Len=0 MSS=1460 SACK_PERM=1 TSval=1486918732 TSecr=0 WS=128"
"218","11.372020451","37.29.76.59","100.114.136.7","TCP","56","443  >  45696 [ACK] Seq=12470 Ack=3408 Win=39968 Len=0"
"219","11.385978444","37.29.76.59","100.114.136.7","TCP","56","443  >  45700 [ACK] Seq=4557 Ack=2533 Win=39968 Len=0"
"220","11.385978958","37.29.76.59","100.114.136.7","TCP","56","443  >  45698 [ACK] Seq=4944 Ack=2490 Win=39968 Len=0"
"221","11.387016203","37.29.76.59","100.114.136.7","TCP","68","443  >  45714 [SYN, ACK] Seq=0 Ack=1 Win=8190 Len=0 MSS=1330 WS=16 SACK_PERM=1"
"222","11.387044623","100.114.136.7","37.29.76.59","TCP","56","45714  >  443 [ACK] Seq=1 Ack=1 Win=29312 Len=0"
"223","11.387016830","37.29.76.59","100.114.136.7","TCP","68","443  >  45718 [SYN, ACK] Seq=0 Ack=1 Win=8190 Len=0 MSS=1330 WS=16 SACK_PERM=1"
"224","11.387062933","100.114.136.7","37.29.76.59","TCP","56","45718  >  443 [ACK] Seq=1 Ack=1 Win=29312 Len=0"
"225","11.387017085","37.29.76.59","100.114.136.7","TCP","68","443  >  45716 [SYN, ACK] Seq=0 Ack=1 Win=8190 Len=0 MSS=1330 WS=16 SACK_PERM=1"
"226","11.387070298","100.114.136.7","37.29.76.59","TCP","56","45716  >  443 [ACK] Seq=1 Ack=1 Win=29312 Len=0"
"227","11.388779499","100.114.136.7","37.29.76.59","TLSv1.2","573","Client Hello"
"228","11.390302578","100.114.136.7","37.29.76.59","TLSv1.2","573","Client Hello"
"229","11.391621997","100.114.136.7","37.29.76.59","TLSv1.2","573","Client Hello"
"230","11.396945924","37.29.76.59","100.114.136.7","TLSv1.2","393","Application Data"
"231","11.396961727","100.114.136.7","37.29.76.59","TCP","56","45696  >  443 [ACK] Seq=3408 Ack=12807 Win=62976 Len=0"
"232","11.397203183","100.114.136.7","37.29.76.59","TLSv1.2","87","Encrypted Alert"
"233","11.397220857","100.114.136.7","37.29.76.59","TCP","56","45696  >  443 [FIN, ACK] Seq=3439 Ack=12807 Win=62976 Len=0"
"234","11.397409276","100.114.136.7","37.29.76.59","TCP","76","45720  >  443 [SYN] Seq=0 Win=29200 Len=0 MSS=1460 SACK_PERM=1 TSval=1486918844 TSecr=0 WS=128"
"235","11.409992083","37.29.76.59","100.114.136.7","TLSv1.2","398","Application Data"
"236","11.410020511","100.114.136.7","37.29.76.59","TCP","56","45700  >  443 [ACK] Seq=2533 Ack=4899 Win=45696 Len=0"
"237","11.411945251","37.29.76.59","100.114.136.7","TLSv1.2","398","Application Data"
"238","11.411968753","100.114.136.7","37.29.76.59","TCP","56","45698  >  443 [ACK] Seq=2490 Ack=5286 Win=45696 Len=0"
"239","11.483067024","37.29.76.59","100.114.136.7","TLSv1.2","87","Encrypted Alert"
"240","11.483094207","100.114.136.7","37.29.76.59","TCP","56","45696  >  443 [RST] Seq=3408 Win=0 Len=0"
"241","11.483067487","37.29.76.59","100.114.136.7","TCP","68","[TCP Dup ACK 218#1] 443  >  45696 [ACK] Seq=12839 Ack=3408 Win=40960 Len=0 SLE=3439 SRE=3441"
"242","11.483114945","100.114.136.7","37.29.76.59","TCP","56","45696  >  443 [RST] Seq=3408 Win=0 Len=0"
"243","11.483067683","37.29.76.59","100.114.136.7","TCP","56","443  >  45696 [ACK] Seq=12839 Ack=3440 Win=40944 Len=0"
"244","11.483119148","100.114.136.7","37.29.76.59","TCP","56","45696  >  443 [RST] Seq=3440 Win=0 Len=0"
"245","11.484295243","37.29.76.59","100.114.136.7","TCP","1386","443  >  45718 [PSH, ACK] Seq=1 Ack=518 Win=34656 Len=1330 [TCP segment of a reassembled PDU]"
"246","11.484310090","100.114.136.7","37.29.76.59","TCP","56","45718  >  443 [ACK] Seq=518 Ack=1331 Win=32128 Len=0"
"247","11.493639498","37.29.76.59","100.114.136.7","TCP","1386","443  >  45718 [PSH, ACK] Seq=1331 Ack=518 Win=34656 Len=1330 [TCP segment of a reassembled PDU]"
"248","11.493647842","100.114.136.7","37.29.76.59","TCP","56","45718  >  443 [ACK] Seq=518 Ack=2661 Win=35072 Len=0"
"249","11.493639828","37.29.76.59","100.114.136.7","TLSv1.2","755","Server Hello, Certificate"
"250","11.493656473","100.114.136.7","37.29.76.59","TCP","56","45718  >  443 [ACK] Seq=518 Ack=3360 Win=37760 Len=0"
"251","11.493639973","37.29.76.59","100.114.136.7","TCP","1386","443  >  45714 [PSH, ACK] Seq=1 Ack=518 Win=34656 Len=1330 [TCP segment of a reassembled PDU]"
"252","11.493662116","100.114.136.7","37.29.76.59","TCP","56","45714  >  443 [ACK] Seq=518 Ack=1331 Win=32128 Len=0"
"253","11.493704259","37.29.76.59","100.114.136.7","TCP","1386","443  >  45714 [PSH, ACK] Seq=1331 Ack=518 Win=34656 Len=1330 [TCP segment of a reassembled PDU]"
"254","11.493713093","100.114.136.7","37.29.76.59","TCP","56","45714  >  443 [ACK] Seq=518 Ack=2661 Win=35072 Len=0"
"255","11.493709632","37.29.76.59","100.114.136.7","TLSv1.2","755","Server Hello, Certificate"
"256","11.493716539","100.114.136.7","37.29.76.59","TCP","56","45714  >  443 [ACK] Seq=518 Ack=3360 Win=37760 Len=0"
"257","11.493709837","37.29.76.59","100.114.136.7","TCP","68","443  >  45720 [SYN, ACK] Seq=0 Ack=1 Win=8190 Len=0 MSS=1330 WS=16 SACK_PERM=1"
"258","11.493725703","100.114.136.7","37.29.76.59","TCP","56","45720  >  443 [ACK] Seq=1 Ack=1 Win=29312 Len=0"
"259","11.493709998","37.29.76.59","100.114.136.7","TCP","1386","443  >  45716 [PSH, ACK] Seq=1 Ack=518 Win=34656 Len=1330 [TCP segment of a reassembled PDU]"
"260","11.493727455","37.29.76.59","100.114.136.7","TCP","1386","443  >  45716 [PSH, ACK] Seq=1331 Ack=518 Win=34656 Len=1330 [TCP segment of a reassembled PDU]"
"261","11.493729773","100.114.136.7","37.29.76.59","TCP","56","45716  >  443 [ACK] Seq=518 Ack=1331 Win=32128 Len=0"
"262","11.493736074","100.114.136.7","37.29.76.59","TCP","56","45716  >  443 [ACK] Seq=518 Ack=2661 Win=35072 Len=0"
"263","11.493727848","37.29.76.59","100.114.136.7","TLSv1.2","755","Server Hello, Certificate"
"264","11.493791522","100.114.136.7","37.29.76.59","TCP","56","45716  >  443 [ACK] Seq=518 Ack=3360 Win=37760 Len=0"
"265","11.494924342","100.114.136.7","37.29.76.59","TLSv1.2","573","Client Hello"
"266","11.494989127","100.114.136.7","37.29.76.59","TLSv1.2","1056","Application Data"
"267","11.495982484","100.114.136.7","37.29.76.59","TLSv1.2","1054","Application Data"
"268","11.510232910","37.29.76.59","100.114.136.7","TLSv1.2","654","Server Key Exchange, Server Hello Done"
"269","11.510245028","100.114.136.7","37.29.76.59","TCP","56","45714  >  443 [ACK] Seq=518 Ack=3958 Win=40448 Len=0"
"270","11.510233257","37.29.76.59","100.114.136.7","TLSv1.2","654","Server Key Exchange, Server Hello Done"
"271","11.510253213","100.114.136.7","37.29.76.59","TCP","56","45718  >  443 [ACK] Seq=518 Ack=3958 Win=40448 Len=0"
"272","11.510233402","37.29.76.59","100.114.136.7","TLSv1.2","654","Server Key Exchange, Server Hello Done"
"273","11.510262237","100.114.136.7","37.29.76.59","TCP","56","45716  >  443 [ACK] Seq=518 Ack=3958 Win=40448 Len=0"
"274","11.512444652","100.114.136.7","37.29.76.59","TLSv1.2","182","Client Key Exchange, Change Cipher Spec, Encrypted Handshake Message"
"275","11.514552855","100.114.136.7","37.29.76.59","TLSv1.2","182","Client Key Exchange, Change Cipher Spec, Encrypted Handshake Message"
"276","11.516675701","100.114.136.7","37.29.76.59","TLSv1.2","182","Client Key Exchange, Change Cipher Spec, Encrypted Handshake Message"
"277","11.516733370","100.114.136.7","37.29.76.59","TLSv1.2","1058","Application Data"
"278","11.516759298","100.114.136.7","37.29.76.59","TLSv1.2","1064","Application Data"
"279","11.516779988","100.114.136.7","37.29.76.59","TLSv1.2","1054","Application Data"
"280","11.520021801","100.114.136.7","185.4.64.197","TCP","68","[TCP Dup ACK 7#1] 43404  >  443 [ACK] Seq=1 Ack=1 Win=260 Len=0 TSval=1146225034 TSecr=930103261"
"281","11.538943267","52.26.103.165","100.114.136.7","TLSv1.2","323","Application Data"
"282","11.538966758","100.114.136.7","52.26.103.165","TCP","68","56266  >  443 [ACK] Seq=1861 Ack=3321 Win=40192 Len=0 TSval=809320979 TSecr=1125143029"
"283","11.591955924","37.29.76.59","100.114.136.7","TCP","56","443  >  45700 [ACK] Seq=4899 Ack=3533 Win=39968 Len=0"
"284","11.593011023","37.29.76.59","100.114.136.7","TCP","1386","443  >  45720 [PSH, ACK] Seq=1 Ack=518 Win=34656 Len=1330 [TCP segment of a reassembled PDU]"
"285","11.593030052","100.114.136.7","37.29.76.59","TCP","56","45720  >  443 [ACK] Seq=518 Ack=1331 Win=32128 Len=0"
"286","11.594446952","37.29.76.59","100.114.136.7","TCP","1386","443  >  45720 [PSH, ACK] Seq=1331 Ack=518 Win=34656 Len=1330 [TCP segment of a reassembled PDU]"
"287","11.594457163","100.114.136.7","37.29.76.59","TCP","56","45720  >  443 [ACK] Seq=518 Ack=2661 Win=35072 Len=0"
"288","11.594447380","37.29.76.59","100.114.136.7","TLSv1.2","755","Server Hello, Certificate"
"289","11.594475964","100.114.136.7","37.29.76.59","TCP","56","45720  >  443 [ACK] Seq=518 Ack=3360 Win=37760 Len=0"
"290","11.594447614","37.29.76.59","100.114.136.7","TCP","56","443  >  45714 [ACK] Seq=3958 Ack=644 Win=34544 Len=0"
"291","11.594447837","37.29.76.59","100.114.136.7","TCP","56","443  >  45698 [ACK] Seq=5286 Ack=3488 Win=39968 Len=0"
"292","11.594448056","37.29.76.59","100.114.136.7","TCP","56","443  >  45718 [ACK] Seq=3958 Ack=644 Win=34544 Len=0"
"293","11.594448271","37.29.76.59","100.114.136.7","TCP","56","443  >  45716 [ACK] Seq=3958 Ack=644 Win=34544 Len=0"
"294","11.600931807","37.29.76.59","100.114.136.7","TLSv1.2","107","Change Cipher Spec, Encrypted Handshake Message"
"295","11.605935191","37.29.76.59","100.114.136.7","TLSv1.2","107","Change Cipher Spec, Encrypted Handshake Message"
"296","11.610928184","37.29.76.59","100.114.136.7","TLSv1.2","654","Server Key Exchange, Server Hello Done"
"297","11.610936962","100.114.136.7","37.29.76.59","TCP","56","45720  >  443 [ACK] Seq=518 Ack=3958 Win=40448 Len=0"
"298","11.613087357","100.114.136.7","37.29.76.59","TLSv1.2","182","Client Key Exchange, Change Cipher Spec, Encrypted Handshake Message"
"299","11.613139425","100.114.136.7","37.29.76.59","TLSv1.2","1054","Application Data"
"300","11.615236851","37.29.76.59","100.114.136.7","TLSv1.2","398","Application Data"
"301","11.615249381","100.114.136.7","37.29.76.59","TCP","56","45700  >  443 [ACK] Seq=3533 Ack=5241 Win=48384 Len=0"
"302","11.615237194","185.4.64.197","100.114.136.7","TCP","68","[TCP Dup ACK 8#1] [TCP ACKed unseen segment] 443  >  43404 [ACK] Seq=1 Ack=2 Win=244 Len=0 TSval=930113526 TSecr=1146184342"
"303","11.615419777","100.114.136.7","37.29.76.59","TLSv1.2","1050","Application Data"
"304","11.616028567","37.29.76.59","100.114.136.7","TLSv1.2","398","Application Data"
"305","11.616037798","100.114.136.7","37.29.76.59","TCP","56","45698  >  443 [ACK] Seq=3488 Ack=5628 Win=48384 Len=0"
"306","11.616169529","100.114.136.7","37.29.76.59","TLSv1.2","1066","Application Data"
"307","11.621009990","37.29.76.59","100.114.136.7","TCP","56","443  >  45718 [ACK] Seq=4009 Ack=1646 Win=33552 Len=0"
"308","11.621010331","37.29.76.59","100.114.136.7","TCP","56","[TCP Previous segment not captured] 443  >  45714 [ACK] Seq=4009 Ack=1652 Win=33536 Len=0"
"309","11.621010476","37.29.76.59","100.114.136.7","TCP","56","443  >  45716 [ACK] Seq=4009 Ack=1642 Win=33552 Len=0"
"310","11.644037610","100.114.136.7","37.29.76.59","TCP","56","45716  >  443 [ACK] Seq=1642 Ack=4009 Win=40448 Len=0"
"311","11.646035469","37.29.76.59","100.114.136.7","TLSv1.2","398","Application Data"
"312","11.646048276","100.114.136.7","37.29.76.59","TCP","56","45718  >  443 [ACK] Seq=1646 Ack=4351 Win=43136 Len=0"
"313","11.646035796","37.29.76.59","100.114.136.7","TLSv1.2","398","Application Data"
"314","11.646054297","100.114.136.7","37.29.76.59","TCP","68","[TCP Window Update] 45714  >  443 [ACK] Seq=1652 Ack=3958 Win=43136 Len=0 SLE=4009 SRE=4351"
"315","11.646035947","37.29.76.59","100.114.136.7","TLSv1.2","398","Application Data"
"316","11.646062609","100.114.136.7","37.29.76.59","TCP","56","45716  >  443 [ACK] Seq=1642 Ack=4351 Win=43136 Len=0"
"317","11.646275492","100.114.136.7","37.29.76.59","TLSv1.2","1052","Application Data"
"318","11.646329665","100.114.136.7","37.29.76.59","TLSv1.2","1052","Application Data"
"319","11.705081292","37.29.76.59","100.114.136.7","TCP","56","443  >  45720 [ACK] Seq=3958 Ack=644 Win=34544 Len=0"
"320","11.705081656","37.29.76.59","100.114.136.7","TCP","56","443  >  45720 [ACK] Seq=3958 Ack=1642 Win=33552 Len=0"
"321","11.710003004","37.29.76.59","100.114.136.7","TCP","56","443  >  45700 [ACK] Seq=5241 Ack=4527 Win=39968 Len=0"
"322","11.712911007","37.29.76.59","100.114.136.7","TLSv1.2","107","Change Cipher Spec, Encrypted Handshake Message"
"323","11.729981078","37.29.76.59","100.114.136.7","TCP","56","443  >  45718 [ACK] Seq=4351 Ack=2642 Win=39968 Len=0"
"324","11.730982023","37.29.76.59","100.114.136.7","TCP","56","443  >  45716 [ACK] Seq=4351 Ack=2638 Win=39968 Len=0"
"325","11.738067678","37.29.76.59","100.114.136.7","TCP","449","[TCP Retransmission] 443  >  45714 [PSH, ACK] Seq=3958 Ack=1652 Win=39856 Len=393"
"326","11.738094665","100.114.136.7","37.29.76.59","TCP","68","45714  >  443 [ACK] Seq=1652 Ack=4351 Win=45696 Len=0 SLE=4009 SRE=4351"
"327","11.738637336","100.114.136.7","37.29.76.59","TLSv1.2","1025","Application Data"
"328","11.741135981","37.29.76.59","100.114.136.7","TLSv1.2","398","Application Data"
"329","11.741415368","100.114.136.7","37.29.76.59","TLSv1.2","1024","Application Data"
"330","11.743075061","37.29.76.59","100.114.136.7","TLSv1.2","398","Application Data"
"331","11.743094331","100.114.136.7","37.29.76.59","TCP","56","45720  >  443 [ACK] Seq=1642 Ack=4351 Win=43136 Len=0"
"332","11.743291532","100.114.136.7","37.29.76.59","TLSv1.2","1028","Application Data"
"333","11.761066572","37.29.76.59","100.114.136.7","TLSv1.2","398","Application Data"
"334","11.761432614","100.114.136.7","37.29.76.59","TLSv1.2","1034","Application Data"
"335","11.762136136","37.29.76.59","100.114.136.7","TLSv1.2","398","Application Data"
"336","11.762878544","100.114.136.7","37.29.76.59","TLSv1.2","1036","Application Data"
"337","11.776005133","100.114.136.7","185.4.64.197","TCP","68","[TCP Dup ACK 9#1] 43406  >  443 [ACK] Seq=1 Ack=1 Win=949 Len=0 TSval=1146225290 TSecr=930103525"
"338","11.823012565","37.29.76.59","100.114.136.7","TCP","56","443  >  45714 [ACK] Seq=4351 Ack=2621 Win=40000 Len=0"
"339","11.833988440","37.29.76.59","100.114.136.7","TCP","56","443  >  45700 [ACK] Seq=5583 Ack=5495 Win=40960 Len=0"
"340","11.835049341","37.29.76.59","100.114.136.7","TCP","56","443  >  45720 [ACK] Seq=4351 Ack=2614 Win=40960 Len=0"
"341","11.849143864","37.29.76.59","100.114.136.7","TLSv1.2","398","Application Data"
"342","11.849144843","185.4.64.197","100.114.136.7","TCP","68","[TCP Dup ACK 10#1] [TCP ACKed unseen segment] 443  >  43406 [ACK] Seq=1 Ack=2 Win=243 Len=0 TSval=930113760 TSecr=1146183612"
"343","11.849627245","100.114.136.7","37.29.76.59","TLSv1.2","1038","Application Data"
"344","11.851945596","37.29.76.59","100.114.136.7","TCP","56","443  >  45718 [ACK] Seq=4693 Ack=3620 Win=40960 Len=0"
"345","11.851946585","37.29.76.59","100.114.136.7","TCP","56","443  >  45716 [ACK] Seq=4693 Ack=3618 Win=40960 Len=0"
"346","11.858968354","37.29.76.59","100.114.136.7","TLSv1.2","398","Application Data"
"347","11.859422762","100.114.136.7","37.29.76.59","TLSv1.2","1050","Application Data"
"348","11.864971322","37.29.76.59","100.114.136.7","TLSv1.2","398","Application Data"
"349","11.865452954","100.114.136.7","37.29.76.59","TLSv1.2","1036","Application Data"
"350","11.878017709","37.29.76.59","100.114.136.7","TLSv1.2","398","Application Data"
"351","11.878486593","100.114.136.7","37.29.76.59","TLSv1.2","1048","Application Data"
"352","11.879020392","37.29.76.59","100.114.136.7","TLSv1.2","398","Application Data"
"353","11.879433229","100.114.136.7","37.29.76.59","TLSv1.2","1034","Application Data"
"354","11.934015003","37.29.76.59","100.114.136.7","TCP","56","443  >  45714 [ACK] Seq=4693 Ack=3603 Win=40960 Len=0"
"355","11.936031314","100.114.136.7","37.29.76.59","TCP","1066","[TCP Retransmission] 45698  >  443 [PSH, ACK] Seq=3488 Ack=5628 Win=48384 Len=1010"
"356","11.943940986","37.29.76.59","100.114.136.7","TCP","56","443  >  45700 [ACK] Seq=5925 Ack=6489 Win=40960 Len=0"
"357","11.947948927","37.29.76.59","100.114.136.7","TLSv1.2","398","Application Data"
"358","11.948166171","100.114.136.7","37.29.76.59","TLSv1.2","1038","Application Data"
"359","11.954923042","37.29.76.59","100.114.136.7","TCP","56","443  >  45720 [ACK] Seq=4693 Ack=3594 Win=40960 Len=0"
"360","11.962924573","37.29.76.59","100.114.136.7","TLSv1.2","398","Application Data"
"361","11.963209973","100.114.136.7","37.29.76.59","TLSv1.2","1036","Application Data"
"362","11.975985773","37.29.76.59","100.114.136.7","TCP","56","443  >  45718 [ACK] Seq=5035 Ack=4612 Win=40960 Len=0"
"363","11.975986157","37.29.76.59","100.114.136.7","TLSv1.2","393","Application Data"
"364","11.975986307","37.29.76.59","100.114.136.7","TCP","56","443  >  45716 [ACK] Seq=5035 Ack=4596 Win=40960 Len=0"
"365","11.976224465","100.114.136.7","37.29.76.59","TLSv1.2","87","Encrypted Alert"
"366","11.976242281","100.114.136.7","37.29.76.59","TCP","56","45700  >  443 [FIN, ACK] Seq=6520 Ack=6262 Win=56320 Len=0"
"367","11.976407987","100.114.136.7","37.29.76.59","TCP","76","45722  >  443 [SYN] Seq=0 Win=29200 Len=0 MSS=1460 SACK_PERM=1 TSval=1486919423 TSecr=0 WS=128"
"368","11.981093049","37.29.76.59","100.114.136.7","TLSv1.2","398","Application Data"
"369","11.981287233","100.114.136.7","37.29.76.59","TLSv1.2","1007","Application Data"
"370","11.994096972","37.29.76.59","100.114.136.7","TLSv1.2","398","Application Data"
"371","11.994304451","100.114.136.7","37.29.76.59","TLSv1.2","1006","Application Data"
"372","12.019949227","37.29.76.59","100.114.136.7","TCP","68","[TCP Dup ACK 357#1] 443  >  45698 [ACK] Seq=5970 Ack=4498 Win=41008 Len=0 SLE=3488 SRE=4498"
"373","12.031015623","37.29.76.59","100.114.136.7","TCP","56","443  >  45698 [ACK] Seq=5970 Ack=5480 Win=40960 Len=0"
"374","12.054082803","37.29.76.59","100.114.136.7","TCP","56","443  >  45714 [ACK] Seq=5035 Ack=4583 Win=40960 Len=0"
"375","12.054083129","37.29.76.59","100.114.136.7","TCP","56","443  >  45700 [ACK] Seq=6262 Ack=6520 Win=40960 Len=0"
"376","12.054083277","37.29.76.59","100.114.136.7","TLSv1.2","87","Encrypted Alert"
"377","12.054135954","100.114.136.7","37.29.76.59","TCP","56","45700  >  443 [RST] Seq=6520 Win=0 Len=0"
"378","12.054986864","37.29.76.59","100.114.136.7","TLSv1.2","398","Application Data"
"379","12.056078995","37.29.76.59","100.114.136.7","TCP","56","443  >  45700 [ACK] Seq=6294 Ack=6521 Win=40960 Len=0"
"380","12.056091876","100.114.136.7","37.29.76.59","TCP","56","45700  >  443 [RST] Seq=6521 Win=0 Len=0"
"381","12.064075431","37.29.76.59","100.114.136.7","TCP","68","443  >  45722 [SYN, ACK] Seq=0 Ack=1 Win=8190 Len=0 MSS=1330 WS=16 SACK_PERM=1"
"382","12.064098655","100.114.136.7","37.29.76.59","TCP","56","45722  >  443 [ACK] Seq=1 Ack=1 Win=29312 Len=0"
"383","12.065428732","100.114.136.7","37.29.76.59","TLSv1.2","573","Client Hello"
"384","12.065575335","100.114.136.7","37.29.76.59","TLSv1.2","1005","Application Data"
"385","12.073051862","37.29.76.59","100.114.136.7","TCP","56","443  >  45720 [ACK] Seq=5035 Ack=4545 Win=40960 Len=0"
"386","12.078063496","37.29.76.59","100.114.136.7","TLSv1.2","398","Application Data"
"387","12.078349336","100.114.136.7","37.29.76.59","TLSv1.2","1016","Application Data"
"388","12.087122483","37.29.76.59","100.114.136.7","TCP","56","443  >  45716 [ACK] Seq=5377 Ack=5546 Win=40960 Len=0"
"389","12.096923315","37.29.76.59","100.114.136.7","TLSv1.2","398","Application Data"
"390","12.150367934","37.29.76.59","100.114.136.7","TCP","1386","443  >  45722 [PSH, ACK] Seq=1 Ack=518 Win=34656 Len=1330 [TCP segment of a reassembled PDU]"
"391","12.150386525","100.114.136.7","37.29.76.59","TCP","56","45722  >  443 [ACK] Seq=518 Ack=1331 Win=32128 Len=0"
"392","12.150368314","37.29.76.59","100.114.136.7","TCP","1386","443  >  45722 [PSH, ACK] Seq=1331 Ack=518 Win=34656 Len=1330 [TCP segment of a reassembled PDU]"
"393","12.150394670","100.114.136.7","37.29.76.59","TCP","56","45722  >  443 [ACK] Seq=518 Ack=2661 Win=35072 Len=0"
"394","12.150368460","37.29.76.59","100.114.136.7","TLSv1.2","755","Server Hello, Certificate"
"395","12.150403230","100.114.136.7","37.29.76.59","TCP","56","45722  >  443 [ACK] Seq=518 Ack=3360 Win=37760 Len=0"
"396","12.152068776","100.114.136.7","37.29.76.59","TCP","56","45720  >  443 [ACK] Seq=4545 Ack=5377 Win=51072 Len=0"
"397","12.161966172","37.29.76.59","100.114.136.7","TCP","56","443  >  45714 [ACK] Seq=5377 Ack=5543 Win=40960 Len=0"
"398","12.166033266","37.29.76.59","100.114.136.7","TLSv1.2","654","Server Key Exchange, Server Hello Done"
"399","12.166047747","100.114.136.7","37.29.76.59","TCP","56","45722  >  443 [ACK] Seq=518 Ack=3958 Win=40448 Len=0"
"400","12.168291054","100.114.136.7","37.29.76.59","TLSv1.2","182","Client Key Exchange, Change Cipher Spec, Encrypted Handshake Message"
"401","12.168360057","100.114.136.7","37.29.76.59","TLSv1.2","1009","Application Data"
"402","12.173091035","37.29.76.59","100.114.136.7","TLSv1.2","398","Application Data"
"403","12.188076587","37.29.76.59","100.114.136.7","TLSv1.2","398","Application Data"
"404","12.197983991","37.29.76.59","100.114.136.7","TLSv1.2","398","Application Data"
"405","12.220043532","100.114.136.7","37.29.76.59","TCP","56","45698  >  443 [ACK] Seq=6429 Ack=6654 Win=56320 Len=0"
"406","12.236065361","100.114.136.7","37.29.76.59","TCP","56","45714  >  443 [ACK] Seq=5543 Ack=5719 Win=56320 Len=0"
"407","12.244064426","100.114.136.7","37.29.76.59","TCP","56","45718  >  443 [ACK] Seq=4612 Ack=5377 Win=51072 Len=0"
"408","12.247939479","37.29.76.59","100.114.136.7","TCP","56","443  >  45722 [ACK] Seq=3958 Ack=644 Win=34544 Len=0"
"409","12.253928572","37.29.76.59","100.114.136.7","TLSv1.2","107","Change Cipher Spec, Encrypted Handshake Message"
"410","12.259895608","37.29.76.59","100.114.136.7","TCP","56","443  >  45722 [ACK] Seq=4009 Ack=1597 Win=33600 Len=0"
"411","12.282998674","37.29.76.59","100.114.136.7","TLSv1.2","398","Application Data"
"412","12.283015970","100.114.136.7","37.29.76.59","TCP","56","45722  >  443 [ACK] Seq=1597 Ack=4351 Win=43136 Len=0"
"413","12.330958910","37.29.76.59","100.114.136.7","TLSv1.2","398","Application Data"
"414","12.336646124","100.114.136.7","37.29.76.59","TLSv1.2","1010","Application Data"
"415","12.376067176","100.114.136.7","37.29.76.59","TCP","56","45716  >  443 [ACK] Seq=5546 Ack=5719 Win=53760 Len=0"
"416","12.446094247","37.29.76.59","100.114.136.7","TLSv1.2","398","Application Data"
"417","12.446124778","100.114.136.7","37.29.76.59","TCP","56","45720  >  443 [ACK] Seq=5499 Ack=5719 Win=53760 Len=0"
"418","12.453329502","100.114.136.7","85.26.148.161","TCP","76","60586  >  443 [SYN] Seq=0 Win=29200 Len=0 MSS=1460 SACK_PERM=1 TSval=3856790895 TSecr=0 WS=128"
"419","12.467338586","100.114.136.7","37.29.76.59","TLSv1.2","1025","Application Data"
"420","12.467809911","100.114.136.7","37.29.76.59","TLSv1.2","1077","Application Data"
"421","12.469217503","100.114.136.7","37.29.76.59","TLSv1.2","1087","Application Data"
"422","12.469290895","100.114.136.7","37.29.76.59","TLSv1.2","1089","Application Data"
"423","12.473061364","100.114.136.7","37.29.76.59","TLSv1.2","1093","Application Data"
"424","12.473822717","100.114.136.7","37.29.76.59","TLSv1.2","1095","Application Data"
"425","12.529029271","85.26.148.161","100.114.136.7","TCP","76","443  >  60586 [SYN, ACK] Seq=0 Ack=1 Win=65535 Len=0 MSS=1360 SACK_PERM=1 TSval=1051520072 TSecr=3856790895 WS=2048"
"426","12.529058712","100.114.136.7","85.26.148.161","TCP","68","60586  >  443 [ACK] Seq=1 Ack=1 Win=29312 Len=0 TSval=3856790971 TSecr=1051520072"
"427","12.530167556","100.114.136.7","85.26.148.161","TLSv1.2","585","Client Hello"
"428","12.558949349","37.29.76.59","100.114.136.7","TCP","56","443  >  45714 [ACK] Seq=5719 Ack=6512 Win=40000 Len=0"
"429","12.558949743","37.29.76.59","100.114.136.7","TCP","56","443  >  45718 [ACK] Seq=5377 Ack=5633 Win=39952 Len=0"
"430","12.562014973","37.29.76.59","100.114.136.7","TCP","56","443  >  45722 [ACK] Seq=4351 Ack=2628 Win=39936 Len=0"
"431","12.562922899","37.29.76.59","100.114.136.7","TCP","56","443  >  45716 [ACK] Seq=5719 Ack=6579 Win=39936 Len=0"
"432","12.563924580","37.29.76.59","100.114.136.7","TCP","56","443  >  45720 [ACK] Seq=5719 Ack=6536 Win=39936 Len=0"
"433","12.563924875","37.29.76.59","100.114.136.7","TCP","56","443  >  45698 [ACK] Seq=6654 Ack=7468 Win=39920 Len=0"
"434","12.583037074","37.29.76.59","100.114.136.7","TLSv1.2","398","Application Data"
"435","12.583089512","100.114.136.7","37.29.76.59","TCP","56","45718  >  443 [ACK] Seq=5633 Ack=5719 Win=53760 Len=0"
"436","12.583628519","100.114.136.7","37.29.76.59","TLSv1.2","1083","Application Data"
"437","12.586200050","37.29.76.59","100.114.136.7","TLSv1.2","398","Application Data"
"438","12.586200958","37.29.76.59","100.114.136.7","TLSv1.2","951","Application Data"
"439","12.586242645","100.114.136.7","37.29.76.59","TCP","56","45714  >  443 [ACK] Seq=6512 Ack=6614 Win=59008 Len=0"
"440","12.586906954","100.114.136.7","37.29.76.59","TLSv1.2","1084","Application Data"
"441","12.587050206","100.114.136.7","37.29.76.59","TLSv1.2","950","Application Data"
"442","12.590058129","37.29.76.59","100.114.136.7","TLSv1.2","398","Application Data"
"443","12.596199708","100.114.136.7","37.29.76.59","TLSv1.2","1109","Application Data"
"444","12.606933890","37.29.76.59","100.114.136.7","TLSv1.2","398","Application Data"
"445","12.606958289","100.114.136.7","37.29.76.59","TCP","56","45698  >  443 [ACK] Seq=7468 Ack=6996 Win=59008 Len=0"
"446","12.607191276","100.114.136.7","37.29.76.59","TLSv1.2","1089","Application Data"
"447","12.610947147","85.26.148.161","100.114.136.7","TCP","68","443  >  60586 [ACK] Seq=1 Ack=518 Win=196608 Len=0 TSval=1051520155 TSecr=3856790972"
"448","12.636396658","85.26.148.161","100.114.136.7","TLSv1.2","1416","Server Hello"
"449","12.636410991","100.114.136.7","85.26.148.161","TCP","68","60586  >  443 [ACK] Seq=518 Ack=1349 Win=32128 Len=0 TSval=3856791078 TSecr=1051520170"
"450","12.636397016","85.26.148.161","100.114.136.7","TCP","1416","443  >  60586 [ACK] Seq=1349 Ack=518 Win=196608 Len=1348 TSval=1051520170 TSecr=3856790972 [TCP segment of a reassembled PDU]"
"451","12.636423260","100.114.136.7","85.26.148.161","TCP","68","60586  >  443 [ACK] Seq=518 Ack=2697 Win=35072 Len=0 TSval=3856791078 TSecr=1051520170"
"452","12.636397162","85.26.148.161","100.114.136.7","TCP","1416","443  >  60586 [ACK] Seq=2697 Ack=518 Win=196608 Len=1348 TSval=1051520170 TSecr=3856790972 [TCP segment of a reassembled PDU]"
"453","12.636427216","100.114.136.7","85.26.148.161","TCP","68","60586  >  443 [ACK] Seq=518 Ack=4045 Win=37888 Len=0 TSval=3856791078 TSecr=1051520170"
"454","12.636397303","85.26.148.161","100.114.136.7","TLSv1.2","696","Certificate, Server Key Exchange, Server Hello Done"
"455","12.636430896","100.114.136.7","85.26.148.161","TCP","68","60586  >  443 [ACK] Seq=518 Ack=4673 Win=40704 Len=0 TSval=3856791078 TSecr=1051520170"
"456","12.638752741","100.114.136.7","85.26.148.161","TLSv1.2","194","Client Key Exchange, Change Cipher Spec, Encrypted Handshake Message"
"457","12.638810466","100.114.136.7","93.184.220.29","OCSP","539","Request"
"458","12.667968627","37.29.76.59","100.114.136.7","TCP","56","443  >  45718 [ACK] Seq=5719 Ack=6660 Win=39936 Len=0"
"459","12.690106686","37.29.76.59","100.114.136.7","TCP","56","443  >  45720 [ACK] Seq=6061 Ack=7589 Win=40960 Len=0"
"460","12.690107712","37.29.76.59","100.114.136.7","TCP","56","443  >  45698 [ACK] Seq=6996 Ack=8501 Win=39936 Len=0"
"461","12.697034760","37.29.76.59","100.114.136.7","TLSv1.2","398","Application Data"
"462","12.697555739","100.114.136.7","37.29.76.59","TLSv1.2","1025","Application Data"
"463","12.712043022","37.29.76.59","100.114.136.7","TLSv1.2","398","Application Data"
"464","12.712543320","100.114.136.7","37.29.76.59","TLSv1.2","1097","Application Data"
"465","12.713089086","37.29.76.59","100.114.136.7","TLSv1.2","398","Application Data"
"466","12.728039420","85.26.148.161","100.114.136.7","TLSv1.2","326","New Session Ticket, Change Cipher Spec, Encrypted Handshake Message"
"467","12.733996107","37.29.76.59","100.114.136.7","TLSv1.2","398","Application Data"
"468","12.756003339","100.114.136.7","37.29.76.59","TCP","56","45720  >  443 [ACK] Seq=7589 Ack=6403 Win=59008 Len=0"
"469","12.761966039","93.184.220.29","100.114.136.7","OCSP","856","Response"
"470","12.762004903","100.114.136.7","93.184.220.29","TCP","68","56372  >  80 [ACK] Seq=943 Ack=1576 Win=32384 Len=0 TSval=3449960266 TSecr=2975661187"
"471","12.768987847","100.114.136.7","85.26.148.161","TCP","76","60588  >  443 [SYN] Seq=0 Win=29200 Len=0 MSS=1460 SACK_PERM=1 TSval=3856791211 TSecr=0 WS=128"
"472","12.775323708","37.29.76.59","100.114.136.7","TCP","1386","443  >  45722 [ACK] Seq=4693 Ack=3522 Win=40960 Len=1330 [TCP segment of a reassembled PDU]"
"473","12.775324069","37.29.76.59","100.114.136.7","TCP","1386","443  >  45722 [ACK] Seq=6023 Ack=3522 Win=40960 Len=1330 [TCP segment of a reassembled PDU]"
"474","12.775346124","100.114.136.7","37.29.76.59","TCP","56","45722  >  443 [ACK] Seq=3522 Ack=7353 Win=51584 Len=0"
"475","12.775324213","37.29.76.59","100.114.136.7","TCP","1386","443  >  45722 [ACK] Seq=7353 Ack=3522 Win=40960 Len=1330 [TCP segment of a reassembled PDU]"
"476","12.776062960","100.114.136.7","85.26.148.161","TCP","68","60586  >  443 [ACK] Seq=644 Ack=4931 Win=43392 Len=0 TSval=3856791218 TSecr=1051520271"
"477","12.776077803","100.114.136.7","37.29.76.59","TCP","56","45698  >  443 [ACK] Seq=8501 Ack=7338 Win=61696 Len=0"
"478","12.785696383","37.29.76.59","100.114.136.7","TCP","1386","443  >  45722 [ACK] Seq=8683 Ack=3522 Win=40960 Len=1330 [TCP segment of a reassembled PDU]"
"479","12.785712614","100.114.136.7","37.29.76.59","TCP","56","45722  >  443 [ACK] Seq=3522 Ack=10013 Win=57472 Len=0"
"480","12.785696834","37.29.76.59","100.114.136.7","TCP","1386","443  >  45722 [ACK] Seq=10013 Ack=3522 Win=41888 Len=1330 [TCP segment of a reassembled PDU]"
"481","12.785784299","37.29.76.59","100.114.136.7","TLSv1.2","1386","Application Data"
"482","12.785795932","100.114.136.7","37.29.76.59","TCP","56","45722  >  443 [ACK] Seq=3522 Ack=12673 Win=63232 Len=0"
"483","12.785784805","37.29.76.59","100.114.136.7","TCP","1386","443  >  45722 [ACK] Seq=12673 Ack=3522 Win=41888 Len=1330 [TCP segment of a reassembled PDU]"
"484","12.785785042","37.29.76.59","100.114.136.7","TCP","1386","443  >  45722 [ACK] Seq=14003 Ack=3522 Win=41888 Len=1330 [TCP segment of a reassembled PDU]"
"485","12.785785280","37.29.76.59","100.114.136.7","TCP","1386","443  >  45722 [ACK] Seq=15333 Ack=3522 Win=41888 Len=1330 [TCP segment of a reassembled PDU]"
"486","12.785785516","37.29.76.59","100.114.136.7","TCP","56","443  >  45718 [ACK] Seq=6061 Ack=7629 Win=40960 Len=0"
"487","12.785814091","100.114.136.7","37.29.76.59","TCP","56","45722  >  443 [ACK] Seq=3522 Ack=15333 Win=69120 Len=0"
"488","12.797949084","37.29.76.59","100.114.136.7","TLSv1.2","398","Application Data"
"489","12.797970970","100.114.136.7","37.29.76.59","TCP","56","45716  >  443 [ACK] Seq=6579 Ack=6061 Win=56320 Len=0"
"490","12.798932144","37.29.76.59","100.114.136.7","TCP","56","443  >  45714 [ACK] Seq=6956 Ack=8581 Win=40960 Len=0"
"491","12.828035757","100.114.136.7","37.29.76.59","TCP","56","45722  >  443 [ACK] Seq=3522 Ack=16663 Win=72064 Len=0"
"492","12.854971797","85.26.148.161","100.114.136.7","TCP","76","443  >  60588 [SYN, ACK] Seq=0 Ack=1 Win=65535 Len=0 MSS=1360 SACK_PERM=1 TSval=1051520398 TSecr=3856791211 WS=2048"
"493","12.854992729","100.114.136.7","85.26.148.161","TCP","68","60588  >  443 [ACK] Seq=1 Ack=1 Win=29312 Len=0 TSval=3856791297 TSecr=1051520398"
"494","12.856023218","100.114.136.7","85.26.148.161","TLSv1","585","Client Hello"
"495","12.868981613","37.29.76.59","100.114.136.7","TCP","1386","[TCP Previous segment not captured] 443  >  45722 [ACK] Seq=17993 Ack=3522 Win=41888 Len=1330 [TCP segment of a reassembled PDU]"
"496","12.869018792","100.114.136.7","37.29.76.59","TCP","68","[TCP Window Update] 45722  >  443 [ACK] Seq=3522 Ack=16663 Win=74880 Len=0 SLE=17993 SRE=19323"
"497","12.868982701","37.29.76.59","100.114.136.7","TCP","1386","443  >  45722 [ACK] Seq=19323 Ack=3522 Win=41888 Len=1330 [TCP segment of a reassembled PDU]"
"498","12.869043257","100.114.136.7","37.29.76.59","TCP","68","[TCP Window Update] 45722  >  443 [ACK] Seq=3522 Ack=16663 Win=77824 Len=0 SLE=17993 SRE=20653"
"499","12.868983205","37.29.76.59","100.114.136.7","TCP","1386","443  >  45722 [ACK] Seq=20653 Ack=3522 Win=41888 Len=1330 [TCP segment of a reassembled PDU]"
"500","12.869053692","100.114.136.7","37.29.76.59","TCP","68","[TCP Window Update] 45722  >  443 [ACK] Seq=3522 Ack=16663 Win=80768 Len=0 SLE=17993 SRE=21983"
"501","12.868983692","37.29.76.59","100.114.136.7","TCP","1386","443  >  45722 [ACK] Seq=21983 Ack=3522 Win=41888 Len=1330 [TCP segment of a reassembled PDU]"
"502","12.869063966","100.114.136.7","37.29.76.59","TCP","68","[TCP Window Update] 45722  >  443 [ACK] Seq=3522 Ack=16663 Win=83712 Len=0 SLE=17993 SRE=23313"
"503","12.868984151","37.29.76.59","100.114.136.7","TCP","1386","443  >  45722 [ACK] Seq=23313 Ack=3522 Win=41888 Len=1330 [TCP segment of a reassembled PDU]"
"504","12.869073949","100.114.136.7","37.29.76.59","TCP","68","[TCP Window Update] 45722  >  443 [ACK] Seq=3522 Ack=16663 Win=86656 Len=0 SLE=17993 SRE=24643"
"505","12.868984625","37.29.76.59","100.114.136.7","TCP","1386","443  >  45722 [ACK] Seq=24643 Ack=3522 Win=41888 Len=1330 [TCP segment of a reassembled PDU]"
"506","12.869081800","100.114.136.7","37.29.76.59","TCP","68","[TCP Window Update] 45722  >  443 [ACK] Seq=3522 Ack=16663 Win=89600 Len=0 SLE=17993 SRE=25973"
"507","12.868985090","37.29.76.59","100.114.136.7","TCP","1386","443  >  45722 [ACK] Seq=25973 Ack=3522 Win=41888 Len=1330 [TCP segment of a reassembled PDU]"
"508","12.869088616","100.114.136.7","37.29.76.59","TCP","68","[TCP Window Update] 45722  >  443 [ACK] Seq=3522 Ack=16663 Win=92416 Len=0 SLE=17993 SRE=27303"
"509","12.868985568","37.29.76.59","100.114.136.7","TLSv1.2","1386","Application Data"
"510","12.869149674","100.114.136.7","37.29.76.59","TCP","68","[TCP Window Update] 45722  >  443 [ACK] Seq=3522 Ack=16663 Win=95360 Len=0 SLE=17993 SRE=28633"
"511","12.869234289","37.29.76.59","100.114.136.7","TCP","1386","443  >  45722 [ACK] Seq=28633 Ack=3522 Win=41888 Len=1330 [TCP segment of a reassembled PDU]"
"512","12.869243956","100.114.136.7","37.29.76.59","TCP","68","[TCP Window Update] 45722  >  443 [ACK] Seq=3522 Ack=16663 Win=98304 Len=0 SLE=17993 SRE=29963"
"513","12.869234841","37.29.76.59","100.114.136.7","TLSv1.2","694","Application Data"
"514","12.869274130","100.114.136.7","37.29.76.59","TCP","68","[TCP Window Update] 45722  >  443 [ACK] Seq=3522 Ack=16663 Win=100992 Len=0 SLE=17993 SRE=30601"
"515","12.891079786","37.29.76.59","100.114.136.7","TCP","1386","443  >  45718 [ACK] Seq=6061 Ack=7629 Win=49152 Len=1330 [TCP segment of a reassembled PDU]"
"516","12.892126319","37.29.76.59","100.114.136.7","TCP","1386","443  >  45718 [ACK] Seq=7391 Ack=7629 Win=49152 Len=1330 [TCP segment of a reassembled PDU]"
"517","12.892149728","100.114.136.7","37.29.76.59","TCP","56","45718  >  443 [ACK] Seq=7629 Ack=8721 Win=62208 Len=0"
